Project_ID,Project_Type,Department,Month,Team_Size,Planned_Duration_Days,Actual_Duration_Days,Tasks_Planned,Tasks_Completed,Bugs_Found,Bugs_Fixed,Client_Changes,Planned_Budget,Actual_Cost,Overtime_Hours,Project_Status,Client_Satisfaction
P001,Mobile,Development,Nov,10,60,59,69,67,40,32,4,1972280,1894578,74,Completed,4
P002,Web,Development,Mar,9,45,44,47,47,16,13,2,1279892,1305310,51,Ongoing,4
P003,ERP,Development,Aug,7,180,232,278,229,115,95,8,4716313,5472178,102,Delayed,3
P004,Web,Development,Jan,8,45,43,53,53,15,13,0,939984,932869,65,Completed,4
P005,Cloud,Infrastructure,Jul,4,90,104,143,125,35,30,6,1383712,1687954,53,Delayed,3
P006,Web,Development,Nov,15,120,121,231,225,90,69,6,6708639,6340958,116,Delayed,5
P007,Web,Development,Nov,9,45,40,63,60,5,4,1,1618627,1645705,86,Completed,5
P008,Cloud,Infrastructure,May,10,120,134,129,123,45,35,5,4252463,4674910,115,Delayed,4
P009,Cloud,Infrastructure,Apr,4,45,52,62,53,27,23,5,718988,797390,33,Delayed,4
P010,Web,Development,Mar,11,180,192,320,315,115,91,2,7004928,7197898,88,Delayed,5
P011,Web,Development,Apr,14,90,80,149,148,43,38,2,4835967,5211118,73,Completed,5
P012,Data,Data,May,8,120,131,122,115,23,21,6,2954540,3172996,92,Delayed,5
P013,Data,Data,Oct,11,60,67,75,69,13,9,3,1903644,2059518,103,Ongoing,4
P014,Cloud,Development,Dec,3,180,217,239,215,107,99,4,2131853,2497997,0,Delayed,3
P015,Mobile,Development,Aug,3,45,44,62,60,23,20,3,522830,498176,37,Completed,4
P016,Web,Development,Jan,17,90,97,112,108,51,41,2,4911617,5307316,110,Delayed,3
P017,Cloud,Infrastructure,Feb,9,150,179,252,249,97,88,8,4694256,5361032,132,Delayed,3
P018,Mobile,Development,Mar,13,150,147,276,276,81,73,2,7025082,7140377,104,Completed,5
P019,AI/ML,Data,Jan,6,45,52,79,77,32,27,7,832626,944940,131,Delayed,3
P020,ERP,Development,May,9,120,162,200,172,60,56,5,2889648,3580034,31,Delayed,3
P021,Web,Testing,Aug,7,150,171,184,184,67,54,6,3016740,3285310,85,Delayed,3
P022,Mobile,Development,Apr,14,150,165,185,160,74,68,2,5386712,5941236,23,Delayed,3
P023,Web,Development,Jan,13,45,40,86,86,51,41,2,1803205,1809198,84,Completed,4
P024,Mobile,Development,Jan,6,150,158,252,225,68,66,8,3559384,3904734,135,Delayed,4
P025,Mobile,Development,Jul,10,150,170,299,295,108,86,6,5140788,5610061,111,Delayed,4
P026,Data,Data,Nov,12,120,136,187,169,58,53,3,3894562,4115637,115,Delayed,5
P027,ERP,Development,Jun,12,180,244,291,260,100,81,9,5989291,7695209,104,Delayed,3
P028,Cloud,Development,Mar,5,150,158,232,227,74,60,3,2648757,2621628,17,Delayed,4
P029,Web,Development,Aug,6,180,184,222,216,84,79,3,3343405,3542270,86,Delayed,4
P030,Data,Data,Jun,5,45,53,60,50,16,15,5,676388,790363,132,Delayed,4
P031,Data,Data,Sep,7,180,202,245,234,82,74,3,4516273,5078038,71,Delayed,4
P032,Data,Data,May,6,90,92,107,107,25,19,4,1649076,1866778,90,Delayed,3
P033,Web,Development,Apr,12,45,43,50,50,5,4,3,2152652,2202730,109,Completed,4
P034,Cloud,Testing,Aug,11,120,137,139,130,57,55,4,4046349,4231543,89,Delayed,4
P035,Data,Data,Jan,11,150,155,285,285,71,71,4,6337384,6614354,108,Delayed,5
P036,Mobile,Development,Apr,15,90,108,157,138,59,59,3,4203134,5124534,115,Delayed,5
P037,Data,Data,Oct,4,60,67,116,114,32,28,3,854605,940415,51,Delayed,3
P038,Mobile,Development,Aug,7,60,59,110,104,32,24,5,1388559,1418558,77,Completed,5
P039,Cloud,Infrastructure,Nov,10,120,132,170,157,41,35,4,4794373,5692523,61,Delayed,4
P040,AI/ML,Data,Mar,7,45,53,46,46,5,3,4,860851,962655,0,Delayed,4
P041,Mobile,Development,Feb,7,120,127,220,220,76,56,4,3218200,3746198,151,Delayed,4
P042,ERP,Development,Nov,7,60,63,60,60,8,6,2,1564989,1576162,67,Delayed,4
P043,Data,Data,May,13,45,48,64,62,14,12,3,1835624,2140722,100,Delayed,5
P044,Web,Development,Apr,13,180,193,344,327,134,122,2,5888595,6566811,154,Delayed,5
P045,Cloud,Testing,Jan,3,60,70,85,81,14,12,3,614809,681756,35,Delayed,4
P046,Web,Development,Oct,6,180,166,351,351,124,103,2,3669223,3571335,13,Completed,5
P047,Web,Development,Jun,3,120,133,216,216,89,86,4,1429511,1588018,88,Delayed,4
P048,Web,Development,Oct,3,180,184,201,201,101,69,2,1872082,1857050,74,Delayed,5
P049,Data,Data,Nov,14,120,130,188,188,55,47,7,4376474,5307385,147,Delayed,4
P050,Mobile,Data,Jul,15,45,45,49,49,19,15,3,1908482,1981330,112,Completed,4
P051,ERP,Development,Feb,13,150,193,168,151,78,60,2,6622026,7599700,109,Delayed,3
P052,Data,Data,Mar,6,150,156,230,230,88,79,3,3134576,3154567,41,Delayed,4
P053,Mobile,Development,May,9,150,158,183,183,56,44,4,4520607,4991460,122,Delayed,4
P054,Cloud,Infrastructure,Nov,7,150,170,254,254,77,63,6,2878196,3253311,84,Delayed,4
P055,Web,Development,Nov,9,60,63,98,95,35,31,2,1862423,1988735,77,Delayed,4
P056,Mobile,Development,Jun,8,180,197,291,273,124,124,5,4191033,4446987,134,Delayed,4
P057,Cloud,Infrastructure,Feb,6,90,107,114,111,48,41,4,1536263,1652514,31,Delayed,5
P058,Data,Data,Sep,10,90,98,166,160,63,61,3,2408366,2658673,89,Delayed,4
P059,Web,Development,Jun,3,90,91,178,178,69,66,2,981609,1041939,43,Delayed,5
P060,Web,Development,Jun,15,60,61,106,106,47,38,2,3358944,3528471,91,Delayed,4
P061,Web,Development,Sep,16,60,59,97,95,38,30,6,3443750,3855927,126,Completed,5
P062,Cloud,Infrastructure,Apr,11,150,159,248,239,91,69,6,6273974,7065217,132,Delayed,5
P063,Mobile,Development,Apr,21,90,96,142,142,53,41,6,6515473,7129083,198,Delayed,4
P064,ERP,Development,Feb,10,150,196,215,203,71,61,5,3770318,4813454,60,Delayed,4
P065,Web,Development,Oct,3,180,168,206,206,75,54,4,1983250,2019129,92,Completed,5
P066,Data,Data,Apr,8,150,157,290,286,101,74,1,3074831,3272769,77,Delayed,4
P067,Data,Data,Feb,10,180,213,235,217,57,51,4,6370090,7248936,73,Delayed,5
P068,ERP,Development,Dec,9,120,153,201,184,67,60,7,3618566,4453644,108,Delayed,4
P069,Mobile,Development,Jun,12,45,40,50,50,12,9,1,1664732,1592633,47,Completed,5
P070,Web,Data,Aug,13,180,172,270,267,112,85,5,7234222,8051510,120,Completed,5
P071,Data,Data,Nov,7,90,85,124,124,48,43,2,2453477,2762200,69,Completed,5
P072,Cloud,Infrastructure,Apr,9,120,128,141,133,65,57,3,3725705,4070302,119,Delayed,4
P073,ERP,Development,Sep,4,45,65,82,64,34,30,8,648955,828911,62,Delayed,3
P074,Web,Development,Dec,11,45,47,62,62,7,5,3,1751633,1865093,65,Delayed,4
P075,Mobile,Testing,Jan,3,45,42,55,55,38,35,2,445423,431835,41,Completed,4
P076,ERP,Development,Jan,8,120,144,127,126,45,35,6,3545447,4018790,143,Delayed,3
P077,ERP,Development,Sep,6,180,211,196,177,71,61,5,4217871,4416469,43,Delayed,4
P078,Data,Data,Jul,10,180,220,281,249,91,82,4,5072352,5846813,103,Ongoing,4
P079,Web,Development,Apr,11,60,58,67,65,24,19,5,1717490,1741991,30,Completed,5
P080,Mobile,Development,Apr,5,180,202,180,180,61,45,0,2508906,2684956,0,Delayed,3
P081,Cloud,Infrastructure,Jul,6,45,49,80,74,23,19,3,745369,819723,21,Delayed,4
P082,AI/ML,Data,Mar,4,180,232,211,179,52,47,4,2468464,3054829,67,Delayed,3
P083,Web,Testing,Mar,12,150,135,276,273,80,79,1,5514898,5467509,66,Completed,3
P084,ERP,Development,Jan,10,60,73,86,85,32,31,5,1559986,1764575,122,Delayed,4
P085,Data,Data,Aug,9,150,158,270,268,89,78,1,5340768,5281664,0,Delayed,3
P086,AI/ML,Development,Jun,9,45,52,58,56,10,10,4,1037985,1247199,125,Delayed,5
P087,AI/ML,Data,Nov,5,90,116,139,122,51,46,5,1492211,1696465,33,Delayed,4
P088,AI/ML,Data,Jul,4,180,234,315,275,116,94,5,2246489,2779665,63,Delayed,4
P089,Web,Development,Jul,13,150,133,174,174,63,53,1,5471804,6078058,110,Completed,5
P090,Web,Development,Sep,8,60,59,110,110,38,35,1,1806218,1880743,80,Completed,2
P091,Mobile,Development,Oct,9,150,148,249,231,98,74,0,5145381,5600676,42,Completed,4
P092,Web,Development,Aug,15,60,53,96,96,45,37,0,3256999,3426566,122,Completed,5
P093,Web,Development,Jan,8,90,101,162,159,55,44,3,2870416,3258889,70,Delayed,4
P094,Web,Development,Oct,9,150,132,267,248,72,49,1,4256240,4357773,44,Completed,5
P095,Web,Development,Mar,15,180,168,190,186,61,53,1,7895120,7969630,119,Completed,4
P096,ERP,Development,Oct,7,45,55,66,63,31,26,1,797811,912070,0,Delayed,4
P097,ERP,Development,Sep,10,150,183,248,236,86,72,6,5012751,5661236,95,Delayed,4
P098,Cloud,Development,Jan,5,180,208,332,329,117,97,3,2401113,2730133,102,Delayed,4
P099,Data,Data,May,7,180,176,315,307,98,81,0,4939145,5354545,52,Completed,5
P100,Data,Data,Aug,5,90,94,99,99,16,15,6,1663592,1828757,105,Delayed,4
P101,Web,Development,Dec,10,150,142,285,285,86,80,2,4092234,4526424,59,Completed,4
P102,ERP,Development,Jul,8,150,215,250,219,92,83,5,3142931,4013476,123,Delayed,3
P103,AI/ML,Data,Mar,10,45,50,61,56,30,22,6,1630457,1877883,91,Delayed,5
P104,AI/ML,Data,Nov,5,60,74,79,77,31,29,4,980694,1096795,46,Ongoing,3
P105,Mobile,Development,Apr,10,90,83,95,88,39,32,3,2765176,2818457,72,Completed,4
P106,Data,Development,Oct,11,120,144,122,112,53,45,6,3324559,3639035,125,Delayed,3
P107,Mobile,Development,Sep,10,180,213,241,210,95,88,6,5094608,6246366,118,Delayed,4
P108,Web,Development,Feb,9,150,140,254,249,100,85,2,5294919,5721090,58,Completed,5
P109,Cloud,Development,Dec,17,60,62,76,74,24,21,5,3268551,3338504,145,Delayed,3
P110,Data,Data,Apr,9,180,175,333,324,99,77,3,4157862,4305769,6,Completed,4
P111,AI/ML,Data,Nov,13,150,167,251,245,88,82,3,5630156,6071969,146,Delayed,5
P112,ERP,Development,Sep,7,150,213,274,230,97,91,6,3130702,4007762,123,Delayed,4
P113,Cloud,Infrastructure,Oct,4,45,50,72,69,25,21,4,529660,626159,21,Ongoing,4
P114,Web,Development,Sep,12,120,117,166,154,73,66,2,4429957,5032577,121,Completed,4
P115,Web,Development,Oct,7,120,112,202,202,69,59,2,2902496,2870897,29,Completed,5
P116,Mobile,Development,May,13,120,124,187,168,66,51,1,4632902,4877413,86,Delayed,4
P117,AI/ML,Data,Dec,11,120,124,239,230,79,65,3,4960327,5603628,168,Delayed,4
P118,Web,Development,Dec,11,120,133,161,157,50,47,2,4427367,4630220,75,Delayed,4
P119,Web,Development,Apr,15,180,195,276,266,115,91,3,10722998,12145318,94,Delayed,4
P120,Mobile,Development,Jan,3,90,102,136,128,70,66,9,881725,1019129,124,Ongoing,4
P121,Data,Data,Nov,9,180,185,296,295,116,103,6,5751083,6113199,138,Delayed,4
P122,Mobile,Development,Jun,10,180,180,325,325,91,86,4,4635610,4776279,92,Completed,4
P123,Web,Development,Aug,5,90,81,91,87,26,23,4,1610859,1633618,49,Completed,5
P124,Data,Data,Feb,12,120,125,156,144,42,36,2,5505103,5972203,94,Delayed,5
P125,Mobile,Testing,Oct,11,180,180,307,296,118,101,2,6019894,6450601,106,Completed,4
P126,AI/ML,Data,Mar,8,120,137,201,195,79,74,1,2600326,2959700,78,Delayed,4
P127,Mobile,Data,Sep,6,90,91,147,147,47,43,4,1352333,1366412,38,Delayed,5
P128,Mobile,Development,Sep,7,180,200,218,218,101,79,3,3896797,4178308,104,Delayed,4
P129,Mobile,Development,Sep,11,150,139,190,187,73,50,1,5125617,5677669,28,Ongoing,5
P130,Data,Data,Dec,14,120,130,152,146,46,38,1,5126688,5530475,98,Delayed,3
P131,Mobile,Development,Jul,4,90,99,149,139,34,34,7,932246,1053030,89,Delayed,5
P132,Web,Development,Apr,11,120,121,213,213,75,60,5,4903523,5159209,133,Delayed,5
P133,Data,Development,Feb,10,120,127,195,189,70,59,4,4452537,5268713,152,Delayed,3
P134,Web,Testing,Aug,10,120,116,199,183,74,65,2,3826134,3841066,92,Completed,5
P135,Mobile,Development,Feb,6,180,197,309,293,114,100,3,2714642,3048559,104,Delayed,4
P136,Cloud,Infrastructure,Dec,9,90,84,112,112,23,19,3,2135226,2145073,182,Completed,4
P137,ERP,Development,May,14,60,76,114,112,24,20,7,2809789,3174562,107,Delayed,3
P138,Web,Development,Jul,14,60,53,113,113,34,29,2,2559086,2753285,122,Completed,5
P139,Web,Development,Apr,13,60,56,109,109,47,34,2,2572465,2613642,105,Completed,5
P140,Cloud,Infrastructure,Jul,4,90,92,169,158,46,46,1,1309897,1406151,65,Delayed,4
P141,Mobile,Development,Sep,12,180,165,253,253,85,64,3,6271063,6332576,57,Completed,5
P142,ERP,Development,Nov,7,45,56,76,68,29,24,4,1101781,1322755,61,Delayed,4
P143,Data,Data,Oct,10,120,117,166,166,51,46,0,3983574,4295762,14,Completed,5
P144,Web,Development,Mar,9,120,116,195,181,71,65,3,2963760,2925008,90,Completed,4
P145,ERP,Development,Dec,6,90,99,122,114,40,36,3,1982606,2173996,44,Delayed,5
P146,Mobile,Development,Sep,3,180,201,278,272,98,98,4,1949530,2168747,26,Delayed,5
P147,Web,Development,Nov,6,120,127,174,156,57,57,2,2525820,2717070,24,Delayed,5
P148,Web,Data,Oct,17,90,86,156,153,42,32,5,6022648,6638006,143,Completed,4
P149,Cloud,Infrastructure,Jan,15,60,63,65,65,22,21,5,2576729,2736179,130,Delayed,4
P150,ERP,Development,Jan,6,60,78,63,56,11,10,11,936967,1193445,166,Delayed,3
P151,Data,Data,Dec,12,90,99,153,144,50,43,4,3187694,3401857,87,Delayed,4
P152,ERP,Data,Mar,15,45,58,86,70,17,15,9,2439312,2968211,158,Delayed,4
P153,AI/ML,Data,Jan,11,45,49,59,50,20,16,7,1773532,1888536,51,Delayed,3
P154,AI/ML,Data,May,9,180,217,277,244,117,98,6,4642262,5228414,94,Delayed,3
P155,Data,Data,Sep,3,90,104,151,142,30,30,3,1052916,1212030,109,Delayed,4
P156,Web,Development,Mar,9,150,155,266,266,75,71,5,4899092,5427040,113,Delayed,4
P157,Web,Development,Jul,3,60,53,84,78,26,22,1,650632,674955,78,Completed,5
P158,Data,Data,Jun,3,90,97,96,96,41,34,5,1016141,1152826,75,Delayed,3
P159,Web,Testing,Oct,13,180,195,324,307,146,123,2,8975337,10040171,136,Delayed,4
P160,Data,Data,Apr,9,180,182,208,203,86,67,3,6256047,6066937,45,Delayed,4
P161,Cloud,Infrastructure,Oct,11,45,45,57,57,19,14,5,1433991,1564456,123,Completed,5
P162,AI/ML,Development,May,6,45,53,65,65,28,23,8,713202,853575,151,Delayed,4
P163,ERP,Development,Dec,13,150,184,278,260,87,85,4,5789875,6549204,108,Ongoing,4
P164,AI/ML,Data,Apr,13,150,166,279,277,121,113,8,6609987,7420069,153,Delayed,4
P165,Cloud,Infrastructure,Jul,9,45,51,73,64,33,33,3,1588862,1769297,67,Ongoing,4
P166,Web,Development,Aug,5,180,201,338,338,150,139,3,2339812,2557350,41,Delayed,4
P167,Mobile,Development,Nov,10,90,96,156,152,50,45,3,3393973,3628507,91,Delayed,4
P168,ERP,Development,Oct,6,120,121,140,136,46,38,3,2481027,2544172,96,Delayed,5
P169,Mobile,Development,Oct,7,180,187,335,335,121,108,1,3409210,3513827,0,Delayed,5
P170,Cloud,Infrastructure,Jul,8,60,60,109,109,28,26,1,1759475,1806338,108,Completed,5
P171,AI/ML,Data,Sep,3,45,54,67,67,47,46,7,436648,479033,66,Delayed,4
P172,Mobile,Development,Jun,9,90,89,106,102,34,29,5,2701493,2885363,130,Completed,5
P173,Cloud,Infrastructure,May,7,180,192,315,313,116,88,2,3527065,3552494,18,Delayed,4
P174,ERP,Development,Nov,10,150,170,219,217,74,66,9,4897171,5427861,136,Ongoing,4
P175,Data,Data,Jun,5,120,122,206,200,80,77,2,2175692,2254453,33,Delayed,4
P176,Cloud,Infrastructure,Jul,8,180,199,183,182,71,55,4,5065559,5754979,95,Delayed,4
P177,ERP,Development,Oct,7,150,174,151,139,60,47,7,4087593,4652344,73,Delayed,3
P178,ERP,Development,Feb,3,90,106,171,145,70,53,3,1033257,1215618,61,Delayed,3
P179,Web,Development,May,13,180,191,211,187,70,68,2,7096512,7701063,117,Delayed,4
P180,ERP,Development,Mar,14,120,137,121,117,17,17,5,4460227,5113695,128,Delayed,3
P181,ERP,Development,Oct,6,60,65,63,63,31,26,4,1343175,1338108,82,Delayed,4
P182,AI/ML,Data,Oct,10,180,228,344,302,116,103,4,5636055,6840005,70,Delayed,3
P183,Mobile,Development,Feb,9,180,213,332,322,121,97,4,6334645,7295908,116,Delayed,4
P184,ERP,Development,Mar,4,60,67,92,85,10,8,4,714370,806496,58,Delayed,4
P185,Data,Data,Sep,6,180,211,275,255,93,89,4,3314045,3727304,72,Delayed,4
P186,Data,Data,May,8,90,97,140,128,51,44,5,2212832,2327267,96,Delayed,5
P187,ERP,Development,Jan,3,45,52,53,51,11,9,5,354535,382512,48,Ongoing,4
P188,Cloud,Infrastructure,Feb,8,150,173,275,233,95,92,3,3051574,3391834,67,Delayed,4
P189,Mobile,Testing,Apr,9,90,87,138,134,53,44,4,2410828,2452201,80,Completed,4
P190,Web,Data,Dec,4,180,177,315,315,98,69,1,1974276,2079200,0,Completed,5
P191,Web,Development,Apr,5,60,53,63,63,19,15,0,866922,858869,77,Completed,4
P192,Mobile,Development,Sep,9,60,67,83,77,15,13,4,1728821,1836412,112,Delayed,5
P193,Mobile,Development,Jul,9,45,40,50,50,22,17,3,1486908,1545210,52,Completed,5
P194,Web,Development,Feb,12,120,115,138,138,53,41,3,5008828,5393790,116,Completed,4
P195,Web,Development,Nov,5,60,62,95,93,48,46,2,1099854,1210040,81,Delayed,5
P196,Cloud,Infrastructure,Feb,15,150,169,160,156,79,65,2,6615067,7885572,100,Delayed,4
P197,AI/ML,Data,Apr,14,150,189,190,179,88,88,4,6329602,7347354,88,Delayed,4
P198,Cloud,Infrastructure,Nov,3,180,184,196,186,59,51,9,1403307,1459605,76,Delayed,5
P199,Data,Data,Feb,13,150,167,254,239,102,99,3,7784451,8518644,54,Delayed,4
P200,AI/ML,Data,May,6,120,141,186,173,73,63,5,2807148,2964195,53,Delayed,4
P201,Data,Data,Dec,15,90,104,171,163,66,60,10,3997158,4776037,172,Delayed,3
P202,Mobile,Development,Sep,6,90,87,96,95,31,29,1,2148502,2090848,14,Completed,5
P203,Data,Data,Jul,10,45,47,53,53,20,16,2,1150708,1279463,63,Delayed,5
P204,Web,Development,Mar,7,120,120,184,176,58,49,1,2290821,2510972,43,Completed,4
P205,ERP,Development,Jul,3,180,209,265,259,92,81,8,1894523,2254166,95,Delayed,4
P206,Web,Development,May,3,60,60,98,91,44,37,1,569495,588535,51,Completed,5
P207,AI/ML,Data,Dec,8,45,50,45,44,24,21,4,1325380,1491204,67,Delayed,4
P208,Mobile,Development,Nov,7,120,125,149,147,47,39,6,2755766,2859381,83,Delayed,4
P209,AI/ML,Data,Jun,17,45,56,59,53,27,22,9,2684067,3423173,207,Delayed,3
P210,Cloud,Infrastructure,Apr,9,180,201,268,244,99,88,1,4856727,5180489,24,Delayed,5
P211,Cloud,Infrastructure,Jul,11,180,195,311,311,104,84,4,6055197,6447529,113,Delayed,4
P212,ERP,Development,Mar,16,180,210,273,254,90,90,5,9007442,10745049,118,Delayed,3
P213,Web,Development,Jul,4,90,97,164,155,48,47,2,1005708,1011684,8,Delayed,4
P214,Mobile,Development,Dec,10,45,45,59,59,50,40,3,1166108,1154006,63,Completed,4
P215,Cloud,Infrastructure,Jan,9,45,46,59,59,33,27,4,1246225,1391542,57,Delayed,3
P216,Web,Development,Nov,3,120,114,121,121,43,32,4,1281788,1346107,19,Completed,5
P217,AI/ML,Testing,Oct,7,90,108,94,82,29,27,4,2291348,2562657,74,Delayed,4
P218,Web,Development,Jul,8,60,61,106,98,28,25,4,1563208,1607776,115,Delayed,3
P219,AI/ML,Data,Nov,9,180,215,321,294,109,92,8,4820170,5657978,117,Delayed,4
P220,AI/ML,Data,Feb,10,60,66,116,111,37,33,5,2096082,2391326,129,Delayed,4
P221,Mobile,Development,Sep,9,180,207,225,209,80,76,2,4458916,5004454,63,Delayed,5
P222,Cloud,Infrastructure,Jan,14,90,100,153,145,51,41,4,4825258,5595724,126,Delayed,5
P223,Mobile,Development,Sep,8,60,61,82,82,30,25,5,1628663,1572765,53,Delayed,3
P224,Web,Development,Oct,5,60,72,62,59,26,26,5,876626,1017285,46,Delayed,4
P225,ERP,Development,Jan,4,150,188,202,178,83,79,4,1899765,2235904,52,Delayed,5
P226,ERP,Development,Feb,10,60,72,119,116,41,34,7,1500538,1697781,135,Delayed,3
P227,Web,Data,Sep,6,180,193,258,254,70,63,8,3159444,3445183,127,Delayed,3
P228,Web,Development,Jun,9,45,49,82,78,24,23,1,1372274,1429315,64,Delayed,4
P229,AI/ML,Data,Sep,5,150,194,210,188,78,78,4,2807794,3669246,89,Delayed,3
P230,Data,Data,Mar,7,45,45,68,68,19,17,11,1054176,1108917,116,Completed,5
P231,AI/ML,Data,Nov,6,120,140,182,163,69,67,3,1894036,2170178,93,Delayed,3
P232,Data,Data,Sep,8,180,201,326,307,111,85,2,4209914,4538697,113,Delayed,5
P233,Web,Development,Apr,12,45,42,59,59,23,17,3,2021801,1999901,154,Completed,5
P234,Mobile,Development,Jan,7,120,139,214,214,86,64,3,2684896,2957279,55,Delayed,5
P235,Web,Development,Jul,7,120,108,145,143,50,42,7,2101188,2237570,87,Completed,4
P236,Data,Data,Mar,16,120,135,170,164,58,45,4,6481687,7296466,81,Delayed,4
P237,Mobile,Development,Mar,11,150,160,167,164,48,43,3,4883013,5458845,105,Delayed,3
P238,Web,Development,Oct,6,180,169,326,326,118,106,1,3643951,3609797,60,Completed,5
P239,Data,Testing,Feb,3,150,178,259,238,94,88,5,1319318,1549694,80,Delayed,4
P240,Mobile,Development,Oct,9,180,182,267,259,87,80,4,4523748,4846210,4,Delayed,4
P241,Data,Development,Sep,13,60,63,66,63,20,15,5,3112120,3407897,144,Delayed,5
P242,Mobile,Development,Oct,6,90,90,108,108,63,49,2,1483325,1486133,23,Completed,4
P243,Data,Data,Dec,9,60,57,82,79,33,32,4,2062668,2200445,92,Completed,5
P244,Web,Development,Oct,17,120,114,201,196,66,58,2,6098080,5985077,71,Completed,5
P245,Web,Development,Apr,10,60,57,62,62,26,22,3,1620326,1701798,109,Completed,5
P246,ERP,Development,Jan,11,150,196,289,257,86,77,5,6109554,7848298,146,Delayed,3
P247,ERP,Development,Jul,11,150,181,241,209,65,49,4,4267044,5060337,59,Delayed,4
P248,Data,Data,Jun,8,120,131,180,173,58,49,0,3809805,4151406,80,Delayed,2
P249,Cloud,Infrastructure,Nov,3,120,138,177,162,30,28,5,1116916,1294484,48,Delayed,4
P250,Cloud,Data,Dec,6,120,120,165,164,51,42,1,2075128,2186172,0,Completed,4
